43,GIF,Percentage,1.00,0.0000000000,9500,3400,Global Impact Fund,4900,?,?,?,?,?
43,GIF2,Fixed,0.00,12.0000000000,9500,3400,GIF Fixed,4900,?,?,?,?,?
43,GIF3,Minimum,10.00,10.0000000000,9500,3400,GIF Minimum,4900,?,?,?,?,?
43,GIF4,Maximum,10.00,15.0000000000,9500,3400,GIF Maximum,4900,?,?,?,?,?
